<?xml version="1.0" encoding="UTF-8"?>
<project-private xmlns="http://www.netbeans.org/ns/project-private/1">
    <editor-bookmarks xmlns="http://www.netbeans.org/ns/editor-bookmarks/2" lastBookmarkId="0"/>
    <open-files xmlns="http://www.netbeans.org/ns/projectui-open-files/2">
        <group>
            <file>file:/Users/loren/Dropbox/Curso%202014-2015/AD/Ejercicios%20de%20apuntes/Tema3/EscribirPersonasXStream/src/POJO/Persona.java</file>
            <file>file:/Users/loren/Dropbox/Curso%202014-2015/AD/Ejercicios%20de%20apuntes/Tema3/EscribirPersonasXStream/src/escribirpersonasxstream/EscribirPersonasXStream.java</file>
        </group>
    </open-files>
</project-private>
