<?xml version="1.0" encoding="UTF-8"?>
<project-private xmlns="http://www.netbeans.org/ns/project-private/1">
    <editor-bookmarks xmlns="http://www.netbeans.org/ns/editor-bookmarks/2" lastBookmarkId="0"/>
    <open-files xmlns="http://www.netbeans.org/ns/projectui-open-files/2">
        <group>
            <file>file:/Users/loren/Dropbox/Curso%202014-2015/AD/Ejercicios%20de%20apuntes/Tema2/Ejercicios%20hechos%20en%20clase/a%20mostrar/MVC-3Capas-16102014/src/modelo/DAO/DAOFactory.java</file>
            <file>file:/Users/loren/Dropbox/Curso%202014-2015/AD/Ejercicios%20de%20apuntes/Tema2/Ejercicios%20hechos%20en%20clase/a%20mostrar/MVC-3Capas-16102014/src/modelo/DAO/FileText/FileTextDAOFactory.java</file>
            <file>file:/Users/loren/Dropbox/Curso%202014-2015/AD/Ejercicios%20de%20apuntes/Tema2/Ejercicios%20hechos%20en%20clase/a%20mostrar/MVC-3Capas-16102014/src/modelo/DAO/MySQL/MySQLDAOFactory.java</file>
            <file>file:/Users/loren/Dropbox/Curso%202014-2015/AD/Ejercicios%20de%20apuntes/Tema2/Ejercicios%20hechos%20en%20clase/a%20mostrar/MVC-3Capas-16102014/src/modelo/DAO/FileText/AlumnoDAO.java</file>
            <file>file:/Users/loren/Dropbox/Curso%202014-2015/AD/Ejercicios%20de%20apuntes/Tema2/Ejercicios%20hechos%20en%20clase/a%20mostrar/MVC-3Capas-16102014/src/modelo/DAO/MySQL/AlumnoDAO.java</file>
            <file>file:/Users/loren/Dropbox/Curso%202014-2015/AD/Ejercicios%20de%20apuntes/Tema2/Ejercicios%20hechos%20en%20clase/a%20mostrar/MVC-3Capas-16102014/src/modelo/DAO/POJODAO.java</file>
            <file>file:/Users/loren/Dropbox/Curso%202014-2015/AD/Ejercicios%20de%20apuntes/Tema2/Ejercicios%20hechos%20en%20clase/a%20mostrar/MVC-3Capas-16102014/src/modelo/BLL/AlumnoBLL.java</file>
            <file>file:/Users/loren/Dropbox/Curso%202014-2015/AD/Ejercicios%20de%20apuntes/Tema2/Ejercicios%20hechos%20en%20clase/a%20mostrar/MVC-3Capas-16102014/src/View/AlumnoVista.java</file>
            <file>file:/Users/loren/Dropbox/Curso%202014-2015/AD/Ejercicios%20de%20apuntes/Tema2/Ejercicios%20hechos%20en%20clase/a%20mostrar/MVC-3Capas-16102014/src/View/OrigenDatosVista.java</file>
            <file>file:/Users/loren/Dropbox/Curso%202014-2015/AD/Ejercicios%20de%20apuntes/Tema2/Ejercicios%20hechos%20en%20clase/a%20mostrar/MVC-3Capas-16102014/src/principal/Main.java</file>
            <file>file:/Users/loren/Dropbox/Curso%202014-2015/AD/Ejercicios%20de%20apuntes/Tema2/Ejercicios%20hechos%20en%20clase/a%20mostrar/MVC-3Capas-16102014/src/controlador/Controlador.java</file>
            <file>file:/Users/loren/Dropbox/Curso%202014-2015/AD/Ejercicios%20de%20apuntes/Tema2/Ejercicios%20hechos%20en%20clase/a%20mostrar/MVC-3Capas-16102014/src/modelo/DAO/FileBuffered/FileBufferedDAOFactory.java</file>
            <file>file:/Users/loren/Dropbox/Curso%202014-2015/AD/Ejercicios%20de%20apuntes/Tema2/Ejercicios%20hechos%20en%20clase/a%20mostrar/MVC-3Capas-16102014/src/modelo/DAO/FileBuffered/AlumnoDAO.java</file>
            <file>file:/Users/loren/Dropbox/Curso%202014-2015/AD/Ejercicios%20de%20apuntes/Tema2/Ejercicios%20hechos%20en%20clase/a%20mostrar/MVC-3Capas-16102014/src/POJO/Alumno.java</file>
        </group>
        <group name="DAM"/>
    </open-files>
</project-private>
